<?xml version="1.0" encoding="utf-8"?>
<titles count="34">
	<title name="Waninkoko cIOS249(58) v21" titleid="0x1000000f9" mid="0" hash="0xea,0xa7,0x37,0xc1,0x6b,0x54,0x86,0x9a,0x16,0x01,0xfd,0x16,0x27,0xac,0x84,0x55,0xa1,0xaf,0x51,0xb4" infos=""/>
	<title name="Waninkoko cIOS249(57) v21" titleid="0x1000000f9" mid="0" hash="0xc4,0xcd,0x9e,0x65,0xb6,0xab,0x0f,0x5c,0x24,0x6b,0x55,0x2d,0x92,0x8f,0x85,0xcf,0x30,0xa2,0x4a,0x08" infos=""/>
	<title name="Waninkoko cIOS249(57) v20" titleid="0x1000000f9" mid="0" hash="0x9b,0xaa,0xb0,0x3e,0x2d,0x61,0x44,0x9f,0xe6,0x5d,0x4e,0x3e,0x75,0x45,0xe5,0x31,0xe8,0x11,0xa9,0x65" infos=""/>
	<title name="Waninkoko cIOS249(57) v19" titleid="0x1000000f9" mid="0" hash="0x17,0x47,0x27,0xc2,0xca,0x08,0x79,0x15,0x5d,0xbb,0xf0,0x9a,0x8a,0x21,0x0d,0x70,0x74,0x9a,0x23,0x72" infos=""/>
	<title name="Waninkoko cIOS249(56) v21" titleid="0x1000000f9" mid="0" hash="0x0d,0x90,0x9b,0xd8,0x1e,0x4c,0xef,0xea,0x2c,0x91,0xbf,0x6d,0x42,0xff,0xc0,0x8a,0x8b,0x42,0x94,0x1f" infos=""/>
	<title name="Waninkoko cIOS249(56) v20" titleid="0x1000000f9" mid="0" hash="0x4e,0x39,0xc8,0x2e,0x8e,0x96,0x9b,0x89,0xb5,0x8c,0x3a,0x5b,0xef,0xe2,0x0a,0xc5,0x1e,0xfb,0x55,0x74" infos=""/>
	<title name="Waninkoko cIOS249(55) v21" titleid="0x1000000f9" mid="0" hash="0xe6,0xcb,0x8d,0x2c,0xf7,0x62,0x49,0x18,0x34,0xe3,0x9e,0xa8,0x0c,0xd6,0x4c,0x67,0x72,0x83,0xbd,0xf3" infos=""/>
	<title name="Waninkoko cIOS249(53) v21" titleid="0x1000000f9" mid="0" hash="0xfb,0xe3,0x19,0x04,0x63,0x2c,0x05,0xe4,0x2d,0x63,0xce,0x8e,0x0f,0xd5,0x78,0x94,0x1c,0x14,0x79,0xc3" infos=""/>
	<title name="Waninkoko cIOS249(38) v21" titleid="0x1000000f9" mid="0" hash="0xf3,0xb4,0xd3,0x61,0x47,0x3d,0xd2,0x5a,0xa2,0x68,0x44,0x52,0xa4,0x7a,0xa0,0xad,0x22,0x37,0x3c,0xe7" infos=""/>
	<title name="Waninkoko cIOS249(38) v20" titleid="0x1000000f9" mid="0" hash="0xd1,0xcc,0xaa,0x59,0x3f,0xba,0xcd,0x80,0x64,0xeb,0xbd,0x0c,0x47,0x20,0xd9,0xfe,0x9b,0x13,0x30,0x4f" infos=""/>
	<title name="Waninkoko cIOS249(38) v19" titleid="0x1000000f9" mid="0" hash="0x50,0x10,0xd0,0x36,0x21,0x78,0x47,0x23,0x09,0x7b,0x14,0x53,0x12,0xea,0x13,0x7e,0x30,0x99,0x70,0x8b" infos=""/>
	<title name="Waninkoko cIOS249(38) v17b" titleid="0x1000000f9" mid="0" hash="0x53,0xf3,0x47,0xda,0xeb,0x9f,0x2a,0x9d,0x55,0x74,0xda,0x99,0xd8,0x08,0x8f,0x56,0x59,0x56,0x14,0x7a" infos=""/>
	<title name="Waninkoko cIOS249(38) v14" titleid="0x1000000f9" mid="0" hash="0x8a,0x48,0xf0,0xaa,0x94,0x20,0x58,0x66,0x0b,0xcd,0x0b,0x7b,0x56,0xa6,0x1d,0x4a,0x47,0x74,0xd0,0x04" infos=""/>
	<title name="Waninkoko cIOS249(37) v21" titleid="0x1000000f9" mid="0" hash="0xa4,0x31,0x45,0xd5,0xc7,0xbe,0x99,0x19,0xcb,0x12,0x22,0x32,0x45,0x50,0xac,0x3c,0x6c,0x13,0x5e,0x15" infos=""/>
	<title name="Waninkoko cIOS249(37) v19" titleid="0x1000000f9" mid="0" hash="0x48,0x17,0x9c,0x39,0x37,0x9e,0x57,0x9c,0x1d,0xac,0xcc,0xaa,0x9e,0xad,0x3d,0x8c,0x75,0xe1,0xf0,0x75" infos=""/>
	<title name="Hermes-Rodries cIOS224(57) v5.1" titleid="0x1000000e0" mid="0" hash="0x88,0x33,0x41,0x90,0x52,0x8d,0x1d,0x7a,0x28,0x12,0xec,0xe1,0x0c,0xad,0xd6,0x21,0xda,0x6d,0x28,0xb4" infos=""/>
	<title name="Hermes-Rodries cIOS223(37) v5.1" titleid="0x1000000df" mid="0" hash="0x37,0xbb,0xa6,0x2b,0x7b,0x21,0xe3,0x21,0x64,0xed,0xd6,0xd7,0xc0,0xd2,0x24,0x92,0x8a,0xb0,0x9a,0xf2" infos=""/>
	<title name="Hermes-Rodries cIOS222(38) v5.1" titleid="0x1000000de" mid="0" hash="0xfc,0xf6,0x56,0x4f,0xaa,0xfe,0x39,0xa6,0x0e,0x6c,0x46,0x12,0x7f,0x38,0x28,0x19,0x08,0xc1,0x93,0xf5" infos=""/>
	<title name="Hermes-Rodries cIOS202(60) v5.1" titleid="0x1000000ca" mid="0" hash="0xb1,0x3d,0xe9,0x7c,0x04,0x9c,0xd6,0x5b,0x37,0xd2,0x7a,0x0b,0x25,0xf6,0x49,0xfa,0x59,0xfb,0x6a,0xe7" infos=""/>
	<title name="Hermes cIOS224(57) v5" titleid="0x1000000e0" mid="0" hash="0xe6,0xa9,0x75,0xfd,0x89,0x18,0x90,0x03,0x22,0x67,0x93,0x76,0x4d,0x6b,0x3b,0xea,0x05,0x26,0x02,0xa6" infos=""/>
	<title name="Hermes cIOS223(37-38) v4" titleid="0x1000000df" mid="0" hash="0x3a,0x48,0xcc,0xca,0x0c,0x1b,0xcf,0x4c,0x68,0x39,0x06,0x71,0xb4,0x02,0x9b,0x16,0x30,0x8d,0x18,0xea" infos=""/>
	<title name="Hermes cIOS223(37) v5" titleid="0x1000000df" mid="0" hash="0x9e,0x06,0x17,0x9d,0x9e,0xa7,0xab,0x6c,0xc8,0x8a,0x1e,0x78,0x79,0x17,0x81,0x7b,0x44,0x97,0xb7,0xfd" infos=""/>
	<title name="Hermes cIOS222(38) v5" titleid="0x1000000de" mid="0" hash="0x0c,0xeb,0x7c,0x56,0xaa,0xb6,0xff,0x58,0x14,0xd5,0x8d,0x56,0x0e,0x7a,0x1c,0x51,0xe3,0x03,0x70,0xb4" infos=""/>
	<title name="Hermes cIOS222(38) v4" titleid="0x1000000de" mid="0" hash="0xd9,0x97,0x96,0x1d,0x61,0x67,0x0a,0x33,0x48,0xd5,0x6a,0xf9,0x45,0xc2,0xb6,0xbe,0x3f,0x65,0xef,0x9e" infos=""/>
	<title name="D2x cIOS249(80) v8" titleid="0x1000000f9" mid="0" hash="0x5b,0x92,0xa3,0xf4,0x93,0xac,0x2e,0x66,0xc8,0xa9,0xdd,0x13,0x1d,0x2c,0xe4,0xf0,0x11,0xdf,0xb9,0xd0" infos=""/>
	<title name="D2x cIOS249(70) v8" titleid="0x1000000f9" mid="0" hash="0xf1,0x5a,0x63,0x15,0xee,0x07,0x57,0xcd,0x37,0x7f,0xce,0xc7,0xc6,0xec,0xf5,0x43,0xcd,0xa5,0x38,0x94" infos=""/>
	<title name="D2x cIOS249(60) v8" titleid="0x1000000f9" mid="0" hash="0x59,0xde,0xdf,0x7e,0x18,0x31,0xfc,0x9d,0xfd,0x27,0x37,0x51,0x81,0xa9,0xf5,0x76,0x4a,0xc6,0xd6,0xd7" infos=""/>
	<title name="D2x cIOS249(58) v8" titleid="0x1000000f9" mid="0" hash="0x7f,0x55,0x77,0x1a,0x8b,0xd3,0x87,0x15,0xe8,0x4b,0x9f,0x4d,0x71,0x5e,0x0f,0x59,0x6c,0x6c,0xa1,0x1e" infos=""/>
	<title name="D2x cIOS249(57) v8" titleid="0x1000000f9" mid="0" hash="0x6d,0x19,0xcc,0x91,0x5a,0x3d,0x59,0x88,0x5a,0xd7,0x0e,0x1b,0xd5,0xe8,0x62,0x4f,0x25,0x45,0x22,0x7a" infos=""/>
	<title name="D2x cIOS249(56) v8" titleid="0x1000000f9" mid="0" hash="0xea,0xe2,0x73,0xa9,0x17,0x34,0x45,0x89,0xb1,0xac,0xb7,0x20,0xa7,0x71,0xe9,0xae,0xb0,0xbe,0x8f,0xda" infos=""/>
	<title name="D2x cIOS249(55) v8" titleid="0x1000000f9" mid="0" hash="0xad,0x0c,0x2f,0x77,0x1c,0x7b,0xd6,0xcb,0x80,0x07,0xca,0xd3,0x05,0xa4,0x8b,0xba,0x7f,0x55,0x21,0xe2" infos=""/>
	<title name="D2x cIOS249(53) v8" titleid="0x1000000f9" mid="0" hash="0xc2,0x78,0x70,0xb6,0xe9,0x80,0x7c,0x89,0xa6,0xbb,0xc3,0xd7,0xf1,0x34,0x55,0x54,0x25,0xea,0xff,0x0e" infos=""/>
	<title name="D2x cIOS249(38) v8" titleid="0x1000000f9" mid="0" hash="0x12,0x0b,0x03,0x8a,0xd2,0xc4,0x86,0x7a,0x51,0x39,0xfb,0xb2,0x2a,0xf9,0xf6,0xd4,0x36,0x6b,0x13,0x82" infos=""/>
	<title name="D2x cIOS249(37) v8" titleid="0x1000000f9" mid="0" hash="0x90,0x0b,0x5d,0x14,0x61,0x8a,0x32,0x5c,0x56,0x04,0x0f,0x14,0x18,0x0f,0x84,0x1c,0x15,0x34,0x80,0x19" infos=""/>
</titles>
