<?xml version='1.0' encoding='utf-8' standalone='yes'?><app version="1"><name>Mios switcher</name><coder>dragbe</coder><short_description>Multi MIOS manager</short_description><long_description>Homebrew to (un)install, launch and switch between multiple (c)MIOS</long_description><arguments><!-- <arg>--ios=236</arg> --><!-- <arg>--autoboot=LAUNCHER</arg> --><arg>--resolution=640x480</arg><!-- <arg>--wadsfolder=/wad</arg> --><!-- <arg>--dolsfolder=/apps/gcdols</arg> --></arguments><no_ios_reload/><version>1.0</version><release_date>20140817104759</release_date></app>